[{
	"name" : "Hiro",
},
{
	"name" : "Botamon",
},
{
	"name" : "Koromon",
},
{
	"name" : "Agumon",
},
{
	"name" : "Betamon",
},
{
	"name" : "Greymon",
},
{
	"name" : "Devimon",
},
{
	"name" : "Airdramon",
},
{
	"name" : "Tyrannomon",
},
{
	"name" : "Meramon",
},
{
	"name" : "Seadramon",
},
{
	"name" : "Numemon",
},
{
	"name" : "MetalGreymon",
},
{
	"name" : "Mamemon",
},
{
	"name" : "Monzaemon",
},
{
	"name" : "Punimon",
},
{
	"name" : "Tsunomon",
},
{
	"name" : "Gabumon",
},
{
	"name" : "Elecmon",
},
{
	"name" : "Kabuterimon",
},
{
	"name" : "Angemon",
},
{
	"name" : "Birdramon",
},
{
	"name" : "Garurumon",
},
{
	"name" : "Frigimon",
},
{
	"name" : "Whamon",
},
{
	"name" : "Vegiemon",
},
{
	"name" : "SkullGreymon",
},
{
	"name" : "MetalMamemon",
},
{
	"name" : "Vademon",
},
{
	"name" : "Poyomon",
},
{
	"name" : "Tokomon",
},
{
	"name" : "Patamon",
},
{
	"name" : "Kunemon",
},
{
	"name" : "Unimon",
},
{
	"name" : "Ogremon",
},
{
	"name" : "Shellmon",
},
{
	"name" : "Centarumon",
},
{
	"name" : "Bakemon",
},
{
	"name" : "Drimogemon",
},
{
	"name" : "Sukamon",
},
{
	"name" : "Andromon",
},
{
	"name" : "Giromon",
},
{
	"name" : "Etemon",
},
{
	"name" : "Yuramon",
},
{
	"name" : "Tanemon",
},
{
	"name" : "Biyomon",
},
{
	"name" : "Palmon",
},
{
	"name" : "Monochromon",
},
{
	"name" : "Leomon",
},
{
	"name" : "Coelamon",
},
{
	"name" : "Kokatorimon",
},
{
	"name" : "Kuwagamon",
},
{
	"name" : "Mojyamon",
},
{
	"name" : "Nanimon",
},
{
	"name" : "Megadramon",
},
{
	"name" : "Piximon",
},
{
	"name" : "Digitamamon",
},
{
	"name" : "Penguinmon",
},
{
	"name" : "Ninjamon",
},
{
	"name" : "Phoenixmon",
},
{
	"name" : "H-Kabuterimon",
},
{
	"name" : "MegaSeadramon",
},
{
	"name" : "WereGarurumon",
},
{
	"name" : "Panjyamon",
},
{
	"name" : "Gigadramon",
},
{
	"name" : "MetalEtemon",
},
{
	"name" : "Myotismon",
},
{
	"name" : "Yanmamon",
},
{
	"name" : "Gotsumon",
},
{
	"name" : "Flarerizamon",
},
{
	"name" : "WaruMonzaemon",
},
{
	"name" : "SnowAgumon",
},
{
	"name" : "Hyogamon",
},
{
	"name" : "PlatinumSukamon",
},
{
	"name" : "Dokunemon",
},
{
	"name" : "ShimaUnimon",
},
{
	"name" : "Tankmon",
},
{
	"name" : "RedVegiemon",
},
{
	"name" : "J-Mojyamon",
},
{
	"name" : "NiseDrimogemon",
},
{
	"name" : "Goburimon",
},
{
	"name" : "MudFrigimon",
},
{
	"name" : "Psychemon",
},
{
	"name" : "ModokiBetamon",
},
{
	"name" : "ToyAgumon",
},
{
	"name" : "Piddomon",
},
{
	"name" : "Aruraumon",
},
{
	"name" : "Geremon",
},
{
	"name" : "Vermilimon",
},
{
	"name" : "Fugamon",
},
{
	"name" : "Tekkamon",
},
{
	"name" : "MoriShellmon",
},
{
	"name" : "Guardromon",
},
{
	"name" : "Muchomon",
},
{
	"name" : "Icemon",
},
{
	"name" : "Akatorimon",
},
{
	"name" : "Tsukaimon",
},
{
	"name" : "Sharmamon",
},
{
	"name" : "ClearAgumon",
},
{
	"name" : "Weedmon",
},
{
	"name" : "IceDevimon",
},
{
	"name" : "Darkrizamon",
},
{
	"name" : "SandYanmamon",
},
{
	"name" : "SnowGoburimon",
},
{
	"name" : "BlueMeramon",
},
{
	"name" : "Gururumon",
},
{
	"name" : "Saberdramon",
},
{
	"name" : "Soulmon",
},
{
	"name" : "Rockmon",
},
{
	"name" : "Otamamon",
},
{
	"name" : "Gekomon",
},
{
	"name" : "Tentomon",
},
{
	"name" : "WaruSeadramon",
},
{
	"name" : "Meteormon",
},
{
	"name" : "",
},
{
	"name" : "Machinedramon",
},
{
	"name" : "Analogman",
},
{
	"name" : "Jijimon",
},
{
	"name" : "Market Manager",
},
{
	"name" : "ShogunGekomon",
},
{
	"name" : "King of Sukamon",
},
{
	"name" : "Cherrymon",
},
{
	"name" : "Hagurumon",
},
{
	"name" : "Tinmon",
},
{
	"name" : "Master Tyrannomon",
},
{
	"name" : "Goburimon",
},
{
	"name" : "Brachiomon",
},
{
	"name" : "DemiMeramon",
},
{
	"name" : "Betamon",
},
{
	"name" : "Greymon",
},
{
	"name" : "Devimon",
},
{
	"name" : "Airdramon",
},
{
	"name" : "Tyrannomon",
},
{
	"name" : "Meramon",
},
{
	"name" : "Seadramon",
},
{
	"name" : "Numemon",
},
{
	"name" : "MetalGreymon",
},
{
	"name" : "Mamemon",
},
{
	"name" : "Monzaemon",
},
{
	"name" : "Gabumon",
},
{
	"name" : "Elecmon",
},
{
	"name" : "Kabuterimon",
},
{
	"name" : "Angemon",
},
{
	"name" : "Birdramon",
},
{
	"name" : "Garurumon",
},
{
	"name" : "Frigimon",
},
{
	"name" : "Whamon",
},
{
	"name" : "Vegiemon",
},
{
	"name" : "SkullGreymon",
},
{
	"name" : "MetalGreymon",
},
{
	"name" : "Vademon",
},
{
	"name" : "Patamon",
},
{
	"name" : "Kunemon",
},
{
	"name" : "Unimon",
},
{
	"name" : "Ogremon",
},
{
	"name" : "Shellmon",
},
{
	"name" : "Centarumon",
},
{
	"name" : "Bakemon",
},
{
	"name" : "Drimogemon",
},
{
	"name" : "Sukamon",
},
{
	"name" : "Andromon",
},
{
	"name" : "Giromon",
},
{
	"name" : "Etemon",
},
{
	"name" : "Biyomon",
},
{
	"name" : "Palmon",
},
{
	"name" : "Monochromon",
},
{
	"name" : "Leomon",
},
{
	"name" : "Coelamon",
},
{
	"name" : "Kokatorimon",
},
{
	"name" : "Kuwagamon",
},
{
	"name" : "Mojyamon",
},
{
	"name" : "Nanimon",
},
{
	"name" : "Megadramon",
},
{
	"name" : "Piximon",
},
{
	"name" : "Digitamamon",
},
{
	"name" : "Ninjamon",
},
{
	"name" : "Penguinmon",
},
{
	"name" : "Myotismon",
},
{
	"name" : "Greymon",
},
{
	"name" : "MetalGreymon"
}]